epoch,train_loss,valid_loss,accuracy,time
0,0.4288789629936218,0.3576816916465759,0.8299999833106995,10:34
